<?xml version="1.0" encoding="UTF-8"?>
<project-private xmlns="http://www.netbeans.org/ns/project-private/1">
    <editor-bookmarks xmlns="http://www.netbeans.org/ns/editor-bookmarks/2" lastBookmarkId="0"/>
    <open-files xmlns="http://www.netbeans.org/ns/projectui-open-files/2">
        <group>
            <file>file:/C:/Users/antho/sistema-de-reserva-panchita/Reservaciones%20restaurante/Reservaciones%20restaurante/src/conex/Conexion.java</file>
            <file>file:/C:/Users/antho/sistema-de-reserva-panchita/Reservaciones%20restaurante/Reservaciones%20restaurante/src/conex/Usuario.java</file>
            <file>file:/C:/Users/antho/sistema-de-reserva-panchita/Reservaciones%20restaurante/Reservaciones%20restaurante/src/conex/UsuarioDAO.java</file>
            <file>file:/C:/Users/antho/sistema-de-reserva-panchita/Reservaciones%20restaurante/Reservaciones%20restaurante/src/conex/RegistroUsuario.java</file>
            <file>file:/C:/Users/antho/sistema-de-reserva-panchita/Reservaciones%20restaurante/Reservaciones%20restaurante/src/conex/login.java</file>
            <file>file:/C:/Users/antho/sistema-de-reserva-panchita/Reservaciones%20restaurante/Reservaciones%20restaurante/src/conex/loginDao.java</file>
            <file>file:/C:/Users/antho/sistema-de-reserva-panchita/Reservaciones%20restaurante/Reservaciones%20restaurante/src/conex/Main.java</file>
            <file>file:/C:/Users/antho/sistema-de-reserva-panchita/Reservaciones%20restaurante/Reservaciones%20restaurante/src/Delivery/frmDelivery.java</file>
            <file>file:/C:/Users/antho/sistema-de-reserva-panchita/Reservaciones%20restaurante/Reservaciones%20restaurante/src/vista/frmsistema.java</file>
            <file>file:/C:/Users/antho/sistema-de-reserva-panchita/Reservaciones%20restaurante/Reservaciones%20restaurante/src/vista/frmregistrodeusuario.java</file>
            <file>file:/C:/Users/antho/sistema-de-reserva-panchita/Reservaciones%20restaurante/Reservaciones%20restaurante/src/vista/frmlogin.java</file>
            <file>file:/C:/Users/antho/sistema-de-reserva-panchita/Reservaciones%20restaurante/Reservaciones%20restaurante/src/conex/ReservaDAO.java</file>
            <file>file:/C:/Users/antho/sistema-de-reserva-panchita/Reservaciones%20restaurante/Reservaciones%20restaurante/src/vista/Reserva.java</file>
            <file>file:/C:/Users/antho/sistema-de-reserva-panchita/Reservaciones%20restaurante/Reservaciones%20restaurante/src/vista/SelectorRol.java</file>
            <file>file:/C:/Users/antho/sistema-de-reserva-panchita/Reservaciones%20restaurante/Reservaciones%20restaurante/src/reportesreservas/FrmReportesReservasPanel.java</file>
            <file>file:/C:/Users/antho/sistema-de-reserva-panchita/Reservaciones%20restaurante/Reservaciones%20restaurante/src/reportesreservas/Reserva.java</file>
            <file>file:/C:/Users/antho/sistema-de-reserva-panchita/Reservaciones%20restaurante/Reservaciones%20restaurante/src/conex/Salas.java</file>
            <file>file:/C:/Users/antho/sistema-de-reserva-panchita/Reservaciones%20restaurante/Reservaciones%20restaurante/src/conex/SalasDao.java</file>
            <file>file:/C:/Users/antho/sistema-de-reserva-panchita/Reservaciones%20restaurante/Reservaciones%20restaurante/src/conex/mainselector.java</file>
            <file>file:/C:/Users/antho/sistema-de-reserva-panchita/Reservaciones%20restaurante/Reservaciones%20restaurante/src/reportesreservas/ArbolReservasPorFecha.java</file>
            <file>file:/C:/Users/antho/sistema-de-reserva-panchita/Reservaciones%20restaurante/Reservaciones%20restaurante/src/reportesreservas/NodoArbolReserva.java</file>
            <file>file:/C:/Users/antho/sistema-de-reserva-panchita/Reservaciones%20restaurante/Reservaciones%20restaurante/src/vista/ListaReservas.java</file>
            <file>file:/C:/Users/antho/sistema-de-reserva-panchita/Reservaciones%20restaurante/Reservaciones%20restaurante/src/vista/MetodoPagoDialog.java</file>
        </group>
    </open-files>
</project-private>
